{
  "project_info": {
    "project_number": "138778217136",
    "project_id": "firemessengerproject",
    "storage_bucket": "firemessengerproject.appspot.com"
  },
  "client": [
    {
      "client_info": {
        "mobilesdk_app_id": "1:138778217136:android:86d91f3fac93b59d2bc975",
        "android_client_info": {
          "package_name": "com.plcoding.firenotifimessenger"
        }
      },
      "oauth_client": [],
      "api_key": [
        {
          "current_key": "AIzaSyDzOuiE3tpR0WvQ9V5zVMFtqzWox9IsFJY"
        }
      ],
      "services": {
        "appinvite_service": {
          "other_platform_oauth_client": []
        }
      }
    }
  ],
  "configuration_version": "1"
}